{
    "cost":1,
    "health":3,
    "speed":1,
    "sprite":"Resources\\Minions\\Sprites\\doctor4t.png",
    "Display Name":"Rat Doctor",
    "Actions":{
        "Strengthening Touch":{
            "Type":"Targeted Action",
            "Target Color":[65,255,65],
            "Range":1,
            "Min Range":1,
            "Lines":[
                {
                    "Type":"Modify Stat",
                    "Stat":"Defense",
                    "Value":0.5,
                    "Sign":"+"
                }
            ],
            "Cost":{
                "Stamina":1
            }
        },
        "Healing Touch":{
            "Type":"Targeted Action",
            "Target Color":[65,255,65],
            "Range":1,
            "Min Range":0,
            "Lines":[
                {
                    "Type":"Modify Stat",
                    "Stat":"Health",
                    "Value":3,
                    "Sign":"+"
                }
            ],
            "Cost":{
                "Stamina":1
            }
        },
        "Stamina Boost":{
            "Type":"Targeted Action",
            "Target Color":[225,225,25],
            "Range":1,
            "Lines":[
                {
                    "Type":"Modify Stat",
                    "Stat":"Max Stamina",
                    "Value":1,
                    "Sign":"+"
                }
            ],
            "Cost":{
                "Overload Stamina":1
            }
        }
    },
    "SOT Actions":[
        {
            "Type":"Random",
            "Chance":0.2,
            "Line":{
                "Type":"Modify Stat",
                "Stat":"Overload Stamina",
                "Value":1,
                "Sign":"+"
            }
        }
    ],
    "Stamina":1,
    "AI mod":[
        0.5
    ]
}