{
    "cost":1,
    "health":2,
    "speed":2,
    "sprite":"Resources\\Minions\\Sprites\\super rat.png",
    "Display Name":"Rat Yellow",
    "Actions":{
        "Electric Bite":{
            "Type":"Targeted Action",
            "Target Color":[255,255,0],
            "Range":1,
            "Min Range":0,
            "Lines":[
                {
                    "Type":"Attack",
                    "Damage":5
                }
            ],
            "Cost":{
                "Stamina":2
            } 
        },
        "Lightning Bolt":{
            "Type":"Targeted Action",
            "Target Color":[255,255,65],
            "Range":3,
            "Min Range":1,
            "Lines":[
                {
                    "Type":"Attack",
                    "Damage":1.5
                }
            ],
            "Cost":{
                "Stamina":1
            }
        },
        "Yellow Dash":{
            "Type":"Grand Action",
            "Lines":[
                {
                    "Type":"Modify Stat",
                    "Stat":"Speed",
                    "Value":2,
                    "Sign":"+"
                },
                {
                    "Type":"Modify Stat",
                    "Stat":"Health",
                    "Value":-1,
                    "Sign":"+"
                }
            ],
            "Cost":{
                "Stamina":0
            }
        }
    },
    "Stamina":2,
    "AI mod":[
        0.5
    ]
}