{
    "cost":1,
    "health":4,
    "speed":1,
    "sprite":"Resources\\Minions\\Sprites\\rat.png",
    "Display Name":"Fighter Rat",
    "Actions":{
        "Bite":{
            "Type":"Targeted Action",
            "Target Color":[225,25,25],
            "Range":1,
            "Min Range":0,
            "Lines":[
                {
                    "Type":"Attack",
                    "Damage":3
                }
            ],
            "Cost":{
                "Stamina":1
            } 
        },
        "Dash":{
            "Type":"Modify Stat",
            "Stat":"Speed",
            "Value":1,
            "Sign":"+",
            "Cost":{
                "Stamina":1
            }
        }
    },
    "Stamina":1,
    "AI mod":[
        0.5
    ]
}