{
    "cost":1,
    "health":6,
    "speed":0,
    "sprite":"Resources\\Minions\\Sprites\\snail.png",
    "Display Name":"Snail",
    "Actions":{
        "Acid Spit":{
            "Type":"Targeted Action",
            "Target Color":[25,225,25],
            "Range":2,
            "Min Range":0,
            "Lines":[
                {
                    "Type":"Attack",
                    "Damage":2
                }
            ],
            "Cost":{
                "Stamina":1
            } 
        },
        "Snail Dash":{
            "Type":"Modify Stat",
            "Stat":"Speed",
            "Value":1,
            "Sign":"+",
            "Cost":{
                "Snail Movement":2
            }
        },
        "Dash":{
            "Type":"Modify Stat",
            "Stat":"Speed",
            "Value":1,
            "Sign":"+",
            "Cost":{
                "Stamina":1
            }
        }
    },
    "SOT Actions":[
        {
            "Type":"Modify Stat",
            "Stat":"Snail Movement",
            "Value":1,
            "Sign":"+",
            "Cost":{}
        }
    ],
    "Counters":{
        "Snail Movement":1
    },
    "Stamina":1,
    "AI mod":[
        0.5
    ]
}