{
    "cost":1,
    "health":6,
    "speed":1,
    "sprite":"Resources\\Minions\\Sprites\\wizrat.png",
    "Display Name":"Rat Wizard",
    "Actions":{
        "Omnipotence":{
                "Type":"Modify Stat",
                "Stat":"Max Stamina",
                "Value":2,
                "Sign":"+",
                "Cost":{
                    "Stamina":6
                }
        },
        "Necrotic Ray":{
            "Type":"Targeted Action",
            "Target Color":[65,125,125],
            "Range":1,
            "Min Range":0,
            "Lines":[
                {
                    "Type":"Modify Stat",
                    "Stat":"Max Stamina",
                    "Value":-1,
                    "Sign":"+"
                }
            ],
            "Cost":{
                "Stamina":5
            }
        },
        "Kill Shot":{
            "Type":"Targeted Action",
            "Target Color":[65,65,65],
            "Range":9,
            "Min Range":0,
            "Lines":[
                {
                    "Type":"Attack",
                    "Damage":3
                }
            ],
            "Cost":{
                "Stamina":4
            }
        },
        "Enlightenment":{
            "Type":"Targeted Action",
            "Target Color":[225,125,125],
            "Range":1,
            "Lines":[
                {
                    "Type":"Modify Stat",
                    "Stat":"Max Health",
                    "Value":2,
                    "Sign":"+"
                },
                {
                    "Type":"Modify Stat",
                    "Stat":"Health",
                    "Value":2,
                    "Sign":"+"
                }
            ],
            "Cost":{
                "Stamina":3
            }
        },
        "Magic Missile":{
            "Type":"Targeted Action",
            "Target Color":[165,65,165],
            "Range":2,
            "Min Range":0,
            "Lines":[
                {
                    "Type":"Attack",
                    "Damage":3
                }
            ],
            "Cost":{
                "Stamina":2
            }
        },
        "Chaos Blast":{
            "Type":"Targeted Action",
            "Target Color":[65,65,65],
            "Range":2,
            "Min Range":0,
            "Lines":[
                {
                    "Type":"Attack",
                    "Damage":1
                }
            ],
            "Cost":{
                "Stamina":1
            }
        }
    },
    "SOT Actions":[
        {
            "Type":"Random",
            "Chance":0.7,
            "Line":{
                "Type":"Modify Stat",
                "Stat":"Stamina",
                "Value":-1,
                "Sign":"+"
            }
        },
        {
            "Type":"Random",
            "Chance":0.7,
            "Line":{
                "Type":"Modify Stat",
                "Stat":"Stamina",
                "Value":-1,
                "Sign":"+"
            }
        },
        {
            "Type":"Random",
            "Chance":0.7,
            "Line":{
                "Type":"Modify Stat",
                "Stat":"Stamina",
                "Value":-1,
                "Sign":"+"
            }
        },
        {
            "Type":"Random",
            "Chance":0.7,
            "Line":{
                "Type":"Modify Stat",
                "Stat":"Stamina",
                "Value":-1,
                "Sign":"+"
            }
        },
        {
            "Type":"Random",
            "Chance":0.7,
            "Line":{
                "Type":"Modify Stat",
                "Stat":"Stamina",
                "Value":-1,
                "Sign":"+"
            }
        }
    ],
    "Counters":{},
    "Stamina":6,
    "AI mod":[
        0.5
    ]
}