{
    "Standart":{
        "hitbox size":5,
        "damage":10,
        "sprite":[
            {
                "type":"Sphere",
                "size":5,
                "color":[225,225,255]
            }
        ],
        "special behaviour":[],
        "speed":5,
        "pierce":0,
        "I": {
            "need": {
                "more": "bullets"
            }
        }
    },
    "Lightning":{
        "hitbox size":5,
        "damage":10,
        "sprite":"A Tractor.png",
        "special behaviour":["Attract"],
        "speed":4,
        "pierce":0
    }
}