{
    "Kick":{
        "Energy Cost":1,
        "Effects":[
            {
                "Type":"Deal Damage",
                "Ammount":8
            }
        ]
    },
    "Punch":{
        "Energy Cost":1,
        "Effects":[
            {
                "Type":"Deal Damage",
                "Ammount":4
            },
            {
                "Type":"Draw Cards",
                "Ammount":1.2
            }
        ]
    },
    "Scratch":{
        "Energy Cost":1,
        "Effects":[
            {
                "Type":"Deal Damage",
                "Ammount":4
            },
            {
                "Type":"Draw Cards",
                "Ammount":1.2
            }
        ]
    }
}