{
    "Spaces":{
        "0":{
            "Display":{
                "x":0,
                "y":0
            },
            "TileSprite":0
        },
        "1":{
            "ID":1,
            "Display":{
                "x":1,
                "y":0
            },
            "TileSprite":0,
            "Tags":[]
        },
        "2":{
            "ID":2,
            "Display":{
                "x":-1,
                "y":0
            },
            "TileSprite":0
        },
        "3":{
            "ID":3,
            "Display":{
                "x":-0.5,
                "y":1
            },
            "TileSprite":0
        },
        "4":{
            "ID":4,
            "Display":{
                "x":0.5,
                "y":-1
            },
            "TileSprite":0,
            "Tags":[]
        },
        "5":{
            "ID":5,
            "Display":{
                "x":1.5,
                "y":-1
            },
            "TileSprite":0,
            "Tags":[]
        },
        "6":{
            "ID":6,
            "Display":{
                "x":2.5,
                "y":-1
            },
            "TileSprite":0,
            "Tags":[]
        },
        "7":{
            "ID":7,
            "Display":{
                "x":2,
                "y":-2
            },
            "TileSprite":0
        },
        "8":{
            "ID":8,
            "Display":{
                "x":3.5,
                "y":1
            },
            "TileSprite":0,
            "Tags":[]
        },
        "9":{
            "ID":9,
            "Display":{
                "x":3,
                "y":0
            },
            "TileSprite":0,
            "Tags":[]
        },
        "10":{
            "ID":10,
            "Display":{
                "x":2.5,
                "y":3
            },
            "TileSprite":0
        },
        "11":{
            "ID":11,
            "Display":{
                "x":0.5,
                "y":3
            },
            "TileSprite":0
        },
        "12":{
            "ID":12,
            "Display":{
                "x":0,
                "y":2
            },
            "TileSprite":0
        },
        "13":{
            "Display":{
                "x":1.5,
                "y":3
            },
            "TileSprite":0
        },
        "14":{
            "Display":{
                "x":3,
                "y":2
            },
            "TileSprite":0
        },
        "15":{
            "Display":{
                "x":-1,
                "y":2
            },
            "TileSprite":0
        },
        "16":{
            "Display":{
                "x":1,
                "y":2
            },
            "TileSprite":0
        },
        "17":{
            "Display":{
                "x":-1.5,
                "y":1
            },
            "TileSprite":0
        },
        "18":{
            "Display":{
                "x":-2,
                "y":2
            },
            "TileSprite":0,
            "Tags":["GoodSpawnPoint"]
        },
        "19":{
            "Display":{
                "x":-2,
                "y":0
            },
            "TileSprite":0,
            "Tags":["GoodSpawnPoint"]
        },
        "20":{
            "Display":{
                "x":-2.5,
                "y":1
            },
            "TileSprite":0,
            "Tags":["GoodSpawnPoint"]
        },
        "21":{
            "Display":{
                "x":1.5,
                "y":1
            },
            "TileSprite":0
        },
        "22":{
            "Display":{
                "x":2,
                "y":2
            },
            "TileSprite":0
        },
        "23":{
            "Display":{
                "x":2,
                "y":0
            },
            "TileSprite":0
        },
        "24":{
            "Display":{
                "x":2,
                "y":4
            },
            "TileSprite":0
        },
        "25":{
            "Display":{
                "x":4,
                "y":0
            },
            "TileSprite":0,
            "Tags":["EvilSpawnPoint"]
        },
        "26":{
            "Display":{
                "x":4,
                "y":2
            },
            "TileSprite":0,
            "Tags":["EvilSpawnPoint"]
        },
        "27":{
            "Display":{
                "x":4.5,
                "y":1
            },
            "TileSprite":0,
            "Tags":["EvilSpawnPoint"]
        }
    },
    "Paths":[
        {
            "Alpha":"0",
            "Beta":"1",
            "Travel_Cost_Alpha":1,
            "Travel_Cost_Beta":1
        },
        {
            "Alpha":"0",
            "Beta":"2",
            "Travel_Cost_Alpha":1,
            "Travel_Cost_Beta":1
        },{
            "Alpha":"2",
            "Beta":"3",
            "Travel_Cost_Alpha":1,
            "Travel_Cost_Beta":1
        },{
            "Alpha":"1",
            "Beta":"4",
            "Travel_Cost_Alpha":1,
            "Travel_Cost_Beta":1
        },{
            "Alpha":"4",
            "Beta":"0",
            "Travel_Cost_Alpha":0,
            "Travel_Cost_Beta":2,
            "Color":[125,255,125]
        },{
            "Alpha":"3",
            "Beta":"0",
            "Travel_Cost_Alpha":0,
            "Travel_Cost_Beta":2,
            "Color":[125,255,125]
        },{
            "Alpha":"1",
            "Beta":"5",
            "Travel_Cost_Alpha":1,
            "Travel_Cost_Beta":1
        },{
            "Alpha":"4",
            "Beta":"5",
            "Travel_Cost_Alpha":0,
            "Travel_Cost_Beta":2,
            "Color":[125,255,125]
        },{
            "Alpha":"6",
            "Beta":"5",
            "Travel_Cost_Alpha":0,
            "Travel_Cost_Beta":2,
            "Color":[125,255,125]
        },{
            "Alpha":"6",
            "Beta":"7",
            "Travel_Cost_Alpha":1,
            "Travel_Cost_Beta":1
        },{
            "Alpha":"5",
            "Beta":"7",
            "Travel_Cost_Alpha":1,
            "Travel_Cost_Beta":1
        },{
            "Alpha":"6",
            "Beta":"9",
            "Travel_Cost_Alpha":0,
            "Travel_Cost_Beta":2,
            "Color":[125,255,125]
        },{
            "Alpha":"8",
            "Beta":"9",
            "Travel_Cost_Alpha":0,
            "Travel_Cost_Beta":2,
            "Color":[125,255,125]
        },{
            "Alpha":"8",
            "Beta":"14",
            "Travel_Cost_Alpha":0,
            "Travel_Cost_Beta":2,
            "Color":[125,255,125]
        },{
            "Alpha":"10",
            "Beta":"14",
            "Travel_Cost_Alpha":0,
            "Travel_Cost_Beta":2,
            "Color":[125,255,125]
        },{
            "Alpha":"10",
            "Beta":"13",
            "Travel_Cost_Alpha":0,
            "Travel_Cost_Beta":2,
            "Color":[125,255,125]
        },{
            "Alpha":"11",
            "Beta":"13",
            "Travel_Cost_Alpha":0,
            "Travel_Cost_Beta":2,
            "Color":[125,255,125]
        },{
            "Alpha":"11",
            "Beta":"12",
            "Travel_Cost_Alpha":0,
            "Travel_Cost_Beta":2,
            "Color":[125,255,125]
        },{
            "Alpha":"3",
            "Beta":"12",
            "Travel_Cost_Alpha":0,
            "Travel_Cost_Beta":2,
            "Color":[125,255,125]
        },{
            "Alpha":"12",
            "Beta":"15",
            "Travel_Cost_Alpha":1,
            "Travel_Cost_Beta":1
        },{
            "Alpha":"15",
            "Beta":"3",
            "Travel_Cost_Alpha":1,
            "Travel_Cost_Beta":1
        },{
            "Alpha":"16",
            "Beta":"11",
            "Travel_Cost_Alpha":1,
            "Travel_Cost_Beta":1
        },{
            "Alpha":"16",
            "Beta":"12",
            "Travel_Cost_Alpha":1,
            "Travel_Cost_Beta":1
        },{
            "Alpha":"16",
            "Beta":"13",
            "Travel_Cost_Alpha":1,
            "Travel_Cost_Beta":1
        },{
            "Alpha":"17",
            "Beta":"3",
            "Travel_Cost_Alpha":1,
            "Travel_Cost_Beta":1
        },{
            "Alpha":"17",
            "Beta":"19",
            "Travel_Cost_Alpha":1,
            "Travel_Cost_Beta":1
        },{
            "Alpha":"17",
            "Beta":"18",
            "Travel_Cost_Alpha":1,
            "Travel_Cost_Beta":1
        },{
            "Alpha":"17",
            "Beta":"20",
            "Travel_Cost_Alpha":1,
            "Travel_Cost_Beta":1
        },{
            "Alpha":"20",
            "Beta":"18",
            "Travel_Cost_Alpha":1,
            "Travel_Cost_Beta":1
        },{
            "Alpha":"20",
            "Beta":"19",
            "Travel_Cost_Alpha":1,
            "Travel_Cost_Beta":1
        },{
            "Alpha":"2",
            "Beta":"19",
            "Travel_Cost_Alpha":1,
            "Travel_Cost_Beta":1
        },{
            "Alpha":"15",
            "Beta":"18",
            "Travel_Cost_Alpha":1,
            "Travel_Cost_Beta":1
        },{
            "Alpha":"21",
            "Beta":"23",
            "Travel_Cost_Alpha":1,
            "Travel_Cost_Beta":1
        },{
            "Alpha":"22",
            "Beta":"21",
            "Travel_Cost_Alpha":1,
            "Travel_Cost_Beta":1
        },{
            "Alpha":"1",
            "Beta":"21",
            "Travel_Cost_Alpha":1,
            "Travel_Cost_Beta":1
        },{
            "Alpha":"16",
            "Beta":"21",
            "Travel_Cost_Alpha":1,
            "Travel_Cost_Beta":1
        },{
            "Alpha":"9",
            "Beta":"23",
            "Travel_Cost_Alpha":1,
            "Travel_Cost_Beta":1
        },{
            "Alpha":"14",
            "Beta":"22",
            "Travel_Cost_Alpha":1,
            "Travel_Cost_Beta":1
        },{
            "Alpha":"24",
            "Beta":"10",
            "Travel_Cost_Alpha":1,
            "Travel_Cost_Beta":1
        },{
            "Alpha":"24",
            "Beta":"13",
            "Travel_Cost_Alpha":1,
            "Travel_Cost_Beta":1
        },{
            "Alpha":"25",
            "Beta":"9",
            "Travel_Cost_Alpha":1,
            "Travel_Cost_Beta":1
        },{
            "Alpha":"25",
            "Beta":"8",
            "Travel_Cost_Alpha":1,
            "Travel_Cost_Beta":1
        },{
            "Alpha":"16",
            "Beta":"25",
            "Travel_Cost_Alpha":5,
            "Travel_Cost_Beta":1,
            "Color":[125,0,125]
        },{
            "Alpha":"26",
            "Beta":"14",
            "Travel_Cost_Alpha":1,
            "Travel_Cost_Beta":1
        },{
            "Alpha":"26",
            "Beta":"8",
            "Travel_Cost_Alpha":1,
            "Travel_Cost_Beta":1
        },{
            "Alpha":"1",
            "Beta":"26",
            "Travel_Cost_Alpha":5,
            "Travel_Cost_Beta":1,
            "Color":[125,0,125]
        },{
            "Alpha":"25",
            "Beta":"27",
            "Travel_Cost_Alpha":1,
            "Travel_Cost_Beta":1
        },{
            "Alpha":"26",
            "Beta":"27",
            "Travel_Cost_Alpha":1,
            "Travel_Cost_Beta":1
        },{
            "Alpha":"8",
            "Beta":"27",
            "Travel_Cost_Alpha":1,
            "Travel_Cost_Beta":1
        }
    ],
    "Space Distance":2
}