{
    "Health":{
        "Middle":7,
        "Offset":5,
        "Normalizer":1
    },
    "AC":8,
    "Actions":[
        {
            "Type":"Weapon Attack",
            "Weight":1
        }
    ],
    "Items":[
        {
            "Item Pool":[
                {
                    "Item":"Goblin Knife",
                    "Weight":1
                }
            ],
            "Chance":1
        }  
    ],
    "Cash":{
        "Middle":12,
        "Offset":12,
        "Normalizer":0.5
    },
    "AI":["Walker","Grounding"]
}