{
    "Oak Boots":{
        "Modifiers":{
            "Defense":1.1,
            "Speed":0.95
            },
        "mutation ammount":0.1
        },
    "Oak Chestplate":{
        "Modifiers":{
            "Defense":1.2
            },
        "mutation ammount":0.1
        },
    "Oak Helmet":{
        "Modifiers":{
            "Defense":1.1
            },
        "mutation ammount":0.1
        },
    
    "Oak Leggings":{
        "Modifiers":{
            "Defense":1.2,
            "Speed":0.9
            },
        "mutation ammount":0.1
        }
}