{
    "Tomulon":{
        "Base Stats":{
            "Speed":1.1
        },
        "Class":"Warrior",
        "Starting Equippment":{
            "Head":"Oak Helmet",
            "Body":"Oak Chestplate",
            "Leggings":"Oak Leggings",
            "Boots":"Oak Boots",
            "S Weapon":"Oak Dagger",
            "P Weapon":"Oak Blade"
            },
        "Starting Deck":[
            "Kick",
            "Kick",
            "Kick",
            "Kick",
            "Kick",
            "Punch",
            "Punch",
            "Punch",
            "Punch",
            "Punch"
        ],
        "Starting Energy":3
        }
}