{
    "Sets":[
        {"Pieces":[
            "Oak Leggings",
            "Oak Boots"
            ],
         "Modifiers":{
             "Speed":1.3
             }
         },
        {"Pieces":[
            "Oak Helmet",
            "Oak Chestplate"
            ],
         "Modifiers":{
             "Health":1.15
             }
         },
        {"Pieces":[
            "Oak Dagger",
            "Oak Blade"
            ],
         "Modifiers":{
             "Speed":1.07,
             "Offense":1.07
             }
         }
        ]
}