{
    "Kazimirs":{
    "Name":"Kazimyr Brakovsky",
    "Stats":{
        "Speed":5,
        "Kick power":15,
        "Leg length":19,
        "Size":23
    },
    "Brain":"BAD",
    "Attributes":{
        "Tolerance":350,
	"Offset":0.4
	
    }
    },
    "Juris":{
    "Name":"Juris Michulis",
    "Stats":{
        "Speed":14,
        "Kick power":9,
        "Leg length":10,
        "Size":8
    },
    "Brain":"BAD",
    "Attributes":{
        "Tolerance":600,
	"Offset":0.1
    }
    },
    "Viktors":{
    "Name":"Viktors Jermaks",
    "Stats":{
        "Speed":23,
        "Kick power":23,
        "Leg length":10,
        "Size":10
    },
    "Brain":"BAD",
    "Attributes":{
        "Tolerance":1500,
	"Offset":0
    }
    },
    "Messi":{
    "Name":"Messi?",
    "Stats":{
        "Speed":30,
        "Kick power":30,
        "Leg length":30,
        "Size":14
    },
    "Brain":"BAD",
    "Attributes":{
        "Tolerance":1500,
	"Offset":0.2
    }
    },
    "Shonk":{
    "Name":"Shonk The Obliterator",
    "Stats":{
        "Speed":40,
        "Kick power":40,
        "Leg length":40,
        "Size":130
    },
    "Brain":"BAD",
    "Attributes":{
        "Tolerance":1000,
	"Offset":0.4
    }
    }

}