{
    "max_hp":10,
    "speed":3,
    "hitbox size":15,
    "sprite":[
        {
            "type":"Sphere",
            "size":13,
            "color":[25,0,0]
        },{
            "type":"Sphere",
            "size":11,
            "color":[55,0,0]
        },{
            "type":"Sphere",
            "size":9,
            "color":[85,0,0]
        },{
            "type":"Sphere",
            "size":7,
            "color":[115,0,0]
        },{
            "type":"Sphere",
            "size":5,
            "color":[145,0,0]
        },{
            "type":"Sphere",
            "size":3,
            "color":[175,0,0]
        },{
            "type":"Sphere",
            "size":1,
            "color":[205,0,0]
        }
    ],
    "AI":[
        {
            "type":"Follows Player",
            "Attributes":{
                "Speed":4,
                "Angle Offset":0.5
            }
        },
        {
            "type":"Damages on contact",
            "Attributes":{
                "Damage":5
            }
        }
    ],
    "difficulty level":1
}