{
    "max_hp":15,
    "hitbox size":15,
    "sprite":"Dark Nado.png",
    "sprite resize":0.5,
    "AI":[
        {
            "type":"Follows Player",
            "Attributes":{
                "Speed":5,
                "Angle Offset":0
            }
        },
        {
            "type":"Damages on contact",
            "Attributes":{
                "Damage":4
            }
        },
        {
            "type":"Shoots at Player",
            "Attributes":{
                "Reload Time":300,
                "Bullet Type":"Standart",
                "Accuracy":0.8
            }
        }
    ],
    "difficulty level":2
}