{
    "max_hp":100,
    "speed":3,
    "hitbox size":45,
    "sprite":"Tritron.png",
    "sprite resize":1.5,
    "AI":[
        {
            "type":"Follows Player",
            "Attributes":{
                "Speed":5,
                "Angle Offset":0.5,
                "Distance":600
            }
        },
        {
            "type":"Shoots at Player",
            "Attributes":{
                "Reload Time":10,
                "Bullet Type":"Standart",
                "Accuracy":0.4
            }
        },
        {
            "type":"Spawns On Death",
            "Attributes":{
                "Entity Spawned":"Tritron",
                "Count":1
            }
        }
    ],
    "difficulty level":1000000,
    "bonus":{
        "Bullet Speed":1.3,
        "Damage":0.25
    }
}