{
    "max_hp":40,
    "speed":5,
    "hitbox size":30,
    "sprite":"ElectroSG.png",
    "AI":[
        {
            "type":"Follows Player",
            "Attributes":{
                "Speed":7,
                "Angle Offset":0,
                "Distance":300
            }
        },
        {
            "type":"Shoots at Player",
            "Attributes":{
                "Reload Time":400,
                "Bullet Type":"Lightning",
                "Bullet Count":6,
                "Accuracy":0
            }
        },
        {
            "type":"Spawns On Death",
            "Attributes":{
                "Entity Spawned":"ElectroBlaster",
                "Count":8
            }
        }
    ],
    "difficulty level":140,
    "bonus":{
        "Bullet Speed":0,
        "Damage":0
    }
}