{
    "max_hp":30,
    "speed":3,
    "hitbox size":15,
    "sprite":"ElectroBlaster.png",
    "sprite resize":0.5,
    "AI":[
        {
            "type":"Follows Player",
            "Attributes":{
                "Speed":4,
                "Angle Offset":0.5,
                "Distance":400
            }
        },
        {
            "type":"Shoots at Player",
            "Attributes":{
                "Reload Time":200,
                "Bullet Type":"Lightning",
                "Accuracy":1
            }
        }
    ],
    "difficulty level":5,
    "bonus":{
        "Bullet Speed":2,
        "Damage":1
    }
}