{
    "max_hp":100,
    "speed":3,
    "hitbox size":35,
    "sprite":[
        {
            "type":"Sphere",
            "size":33,
            "color":[25,0,0]
        },{
            "type":"Sphere",
            "size":31,
            "color":[55,0,0]
        },{
            "type":"Sphere",
            "size":29,
            "color":[85,0,0]
        },{
            "type":"Sphere",
            "size":27,
            "color":[115,0,0]
        },{
            "type":"Sphere",
            "size":25,
            "color":[145,0,0]
        },{
            "type":"Sphere",
            "size":23,
            "color":[175,0,0]
        },{
            "type":"Sphere",
            "size":21,
            "color":[205,0,0]
        },{
            "type":"Sphere",
            "size":19,
            "color":[0,0,0]
        },{
            "type":"Sphere",
            "size":13,
            "color":[25,0,0]
        },{
            "type":"Sphere",
            "size":11,
            "color":[55,0,0]
        },{
            "type":"Sphere",
            "size":9,
            "color":[85,0,0]
        },{
            "type":"Sphere",
            "size":7,
            "color":[115,0,0]
        },{
            "type":"Sphere",
            "size":5,
            "color":[145,0,0]
        },{
            "type":"Sphere",
            "size":3,
            "color":[175,0,0]
        },{
            "type":"Sphere",
            "size":1,
            "color":[205,0,0]
        }

    ],
    "AI":[
        {
            "type":"Follows Player",
            "Attributes":{
                "Speed":3,
                "Angle Offset":0.25
            }
        },
        {
            "type":"Damages on contact",
            "Attributes":{
                "Damage":15
            }
        },{
            "type":"Spawns On Death",
            "Attributes":{
                "Entity Spawned":"Alpha",
                "Count":15
            }
        }
    ],
    "difficulty level":30
}