{
    "max_hp":100,
    "speed":3,
    "hitbox size":35,
    "sprite":"Mothership.png",
    "sprite offset x":20,
    "sprite resize":1.166,
    "AI":[
        {
            "type":"Follows Player",
            "Attributes":{
                "Speed":3,
                "Angle Offset":0.25
            }
        },
        {
            "type":"Damages on contact",
            "Attributes":{
                "Damage":15
            }
        },{
            "type":"Spawns On Death",
            "Attributes":{
                "Entity Spawned":"Alpha",
                "Count":15
            }
        }
    ],
    "difficulty level":30
}