{
    "max_hp":30,
    "speed":5,
    "hitbox size":25,
    "sprite":[
        {
            "type":"Sphere",
            "size":25,
            "color":[255,255,255]
        },{
            "type":"Sphere",
            "size":22,
            "color":[0,0,0]
        },{
            "type":"Sphere",
            "size":20,
            "color":[205,205,205]
        },{
            "type":"Sphere",
            "size":18,
            "color":[0,0,0]
        },{
            "type":"Sphere",
            "size":15,
            "color":[155,155,155]
        },{
            "type":"Sphere",
            "size":13,
            "color":[0,0,0]
        },{
            "type":"Sphere",
            "size":10,
            "color":[105,105,105]
        },{
            "type":"Sphere",
            "size":8,
            "color":[0,0,0]
        },{
            "type":"Sphere",
            "size":5,
            "color":[55,55,55]
        },{
            "type":"Sphere",
            "size":3,
            "color":[0,0,0]
        }
    ],
    "AI":[
        {
            "type":"Follows Player",
            "Attributes":{
                "Speed":5,
                "Angle Offset":1,
                "Distance":300
            }
        },
        {
            "type":"Shoots at Player",
            "Attributes":{
                "Reload Time":300,
                "Bullet Type":"Standart",
                "Bullet Count":5,
                "Accuracy":0
            }
        },
        {
            "type":"Spawns On Death",
            "Attributes":{
                "Entity Spawned":"ShotRunner",
                "Count":1
            }
        }
    ],
    "difficulty level":40
}