{
    "max_hp":60,
    "speed":5,
    "hitbox size":25,
    "sprite":"Sp2.png",
    "AI":[
        {
            "type":"Follows Player",
            "Attributes":{
                "Speed":10
            }
        },
        {
            "type":"Damages on contact",
            "Attributes":{
                "Damage":10
            }
        }
    ],
    "difficulty level":10000000,
    "Dev Comment":"This difficulty level should be impossible to achieve, as it requires about 38.5K levels"
}