{
    "max_hp":30,
    "speed":5,
    "hitbox size":25,
    "sprite":[
        {
            "type":"Sphere",
            "size":25,
            "color":[255,0,0]
        },{
            "type":"Sphere",
            "size":22,
            "color":[0,0,0]
        },{
            "type":"Sphere",
            "size":20,
            "color":[205,0,0]
        },{
            "type":"Sphere",
            "size":18,
            "color":[0,0,0]
        },{
            "type":"Sphere",
            "size":15,
            "color":[155,0,0]
        },{
            "type":"Sphere",
            "size":13,
            "color":[0,0,0]
        },{
            "type":"Sphere",
            "size":10,
            "color":[105,0,0]
        },{
            "type":"Sphere",
            "size":8,
            "color":[0,0,0]
        },{
            "type":"Sphere",
            "size":5,
            "color":[55,0,0]
        },{
            "type":"Sphere",
            "size":3,
            "color":[0,0,0]
        }
    ],
    "AI":[
        {
            "type":"Follows Player",
            "Attributes":{
                "Speed":10
            }
        },
        {
            "type":"Damages on contact",
            "Attributes":{
                "Damage":10
            }
        }
    ],
    "difficulty level":10000000,
    "Dev Comment":"This difficulty level should be impossible to achieve, as it requires about 38.5K levels"
}