{
    "max_hp":40,
    "speed":5,
    "hitbox size":30,
    "sprite":"Sp1.png",
    "AI":[
        {
            "type":"Follows Player",
            "Attributes":{
                "Speed":7,
                "Angle Offset":1,
                "Distance":300
            }
        },
        {
            "type":"Shoots at Player",
            "Attributes":{
                "Reload Time":300,
                "Bullet Type":"Standart",
                "Bullet Count":8,
                "Accuracy":-0.3
            }
        },
        {
            "type":"Spawns On Death",
            "Attributes":{
                "Entity Spawned":"ShotRunner",
                "Count":1
            }
        }
    ],
    "difficulty level":40,
    "bonus":{
        "Bullet Speed":1.2,
        "Damage":1.5
    }
}