{
    "max_hp":10,
    "speed":3,
    "hitbox size":15,
    "sprite":[
        {
            "type":"Sphere",
            "size":13,
            "color":[25,12,0]
        },{
            "type":"Sphere",
            "size":11,
            "color":[55,25,0]
        },{
            "type":"Sphere",
            "size":9,
            "color":[85,42,0]
        },{
            "type":"Sphere",
            "size":7,
            "color":[115,57,0]
        },{
            "type":"Sphere",
            "size":5,
            "color":[145,72,0]
        },{
            "type":"Sphere",
            "size":3,
            "color":[175,87,0]
        },{
            "type":"Sphere",
            "size":1,
            "color":[205,102,0]
        }
    ],
    "AI":[
        {
            "type":"Follows Player",
            "Attributes":{
                "Speed":4,
                "Angle Offset":0.5,
                "Distance":400
            }
        },
        {
            "type":"Shoots at Player",
            "Attributes":{
                "Reload Time":200,
                "Bullet Type":"Standart",
                "Accuracy":1
            }
        }
    ],
    "difficulty level":3,
    "bonus":{
        "Bullet Speed":2,
        "Damage":1.25
    }
}