{
    "max_hp":100,
    "speed":3,
    "hitbox size":45,
    "sprite":"Sutron.png",
    "sprite resize":1.5,
    "AI":[
        {
            "type":"Follows Player",
            "Attributes":{
                "Speed":3,
                "Angle Offset":0.5,
                "Distance":600
            }
        },
        {
            "type":"Shoots at Player",
            "Attributes":{
                "Reload Time":250,
                "Bullet Type":"Standart",
                "Accuracy":1
            }
        },
        {
            "type":"Spawns On Death",
            "Attributes":{
                "Entity Spawned":"Dutron",
                "Count":1
            }
        }
    ],
    "difficulty level":100,
    "bonus":{
        "Bullet Speed":2,
        "Damage":2
    }
}