{
    "max_hp":30,
    "speed":2,
    "hitbox size":20,
    "sprite":[
        {
            "type":"Sphere",
            "size":20,
            "color":[0,102,205]
        },
        {
            "type":"Sphere",
            "size":15,
            "color":[0,0,0]
        },
        {
            "type":"Sphere",
            "size":5,
            "color":[0,202,255]
        }
        
    ],
    "AI":[
        {
            "type":"Follows Player",
            "Attributes":{
                "Speed":4,
                "Angle Offset":0.5,
                "Distance":200
            }
        },
        {
            "type":"Shoots at Player",
            "Attributes":{
                "Reload Time":200,
                "Accuracy":0.9,
                "Bullet Type":"Standart"
            }
        }
    ],
    "difficulty level":5
}