{
    "max_hp":30,
    "speed":2,
    "hitbox size":30,
    "sprite":"Zilais.png",
    "AI":[
        {
            "type":"Follows Player",
            "Attributes":{
                "Speed":4,
                "Angle Offset":0.5,
                "Distance":200
            }
        },
        {
            "type":"Shoots at Player",
            "Attributes":{
                "Reload Time":200,
                "Accuracy":0.9,
                "Bullet Type":"Standart"
            }
        }
    ],
    "difficulty level":5
}